<?xml version="1.0" encoding="UTF-8"?>
<project-private xmlns="http://www.netbeans.org/ns/project-private/1">
    <editor-bookmarks xmlns="http://www.netbeans.org/ns/editor-bookmarks/2" lastBookmarkId="0"/>
    <open-files xmlns="http://www.netbeans.org/ns/projectui-open-files/2">
        <group>
            <file>file:/D:/chuyen%20tu%20c/caro+socket/caro-game-server-main/src/sql/creat_db.sql</file>
            <file>file:/D:/chuyen%20tu%20c/caro+socket/caro-game-server-main/src/dao/DAO.java</file>
            <file>file:/D:/chuyen%20tu%20c/caro+socket/caro-game-server-main/src/view/Admin.java</file>
            <file>file:/D:/chuyen%20tu%20c/caro+socket/caro-game-server-main/src/dao/UserDAO.java</file>
            <file>file:/D:/chuyen%20tu%20c/caro+socket/caro-game-server-main/src/model/User.java</file>
        </group>
    </open-files>
</project-private>
