<?xml version="1.0" encoding="UTF-8"?>
<project-private xmlns="http://www.netbeans.org/ns/project-private/1">
    <editor-bookmarks xmlns="http://www.netbeans.org/ns/editor-bookmarks/2" lastBookmarkId="0"/>
    <open-files xmlns="http://www.netbeans.org/ns/projectui-open-files/2">
        <group>
            <file>file:/D:/chuyen%20tu%20c/caro+socket/caro-game-client-main/src/controller/Client.java</file>
            <file>file:/D:/chuyen%20tu%20c/caro+socket/caro-game-client-main/src/controller/CaroActionListener.java</file>
            <file>file:/D:/chuyen%20tu%20c/caro+socket/caro-game-client-main/src/view/RegisterFrm.java</file>
            <file>file:/D:/chuyen%20tu%20c/caro+socket/caro-game-client-main/src/model/Point.java</file>
            <file>file:/D:/chuyen%20tu%20c/caro+socket/caro-game-client-main/src/controller/SocketHandle.java</file>
            <file>file:/D:/chuyen%20tu%20c/caro+socket/caro-game-client-main/src/model/User.java</file>
        </group>
    </open-files>
</project-private>
